Chromosome,Context,Count,Count_in_millions
Chr1,CG,1394740,1.39474
Chr2,CG,915144,0.915144
Chr3,CG,1118062,1.118062
Chr4,CG,879170,0.87917
Chr5,CG,1260598,1.260598
Chr1,CHG,1543980,1.54398
Chr2,CHG,988829,0.988829
Chr3,CHG,1225767,1.225767
Chr4,CHG,957674,0.957674
Chr5,CHG,1377407,1.377407
Chr1,CHH,7917805,7.917805
Chr2,CHH,5159766,5.159766
Chr3,CHH,6177206,6.177206
Chr4,CHH,4890596,4.890596
Chr5,CHH,7053006,7.053006
